source,term_name,term_id,highlighted,adjusted_p_value,negative_log10_of_adjusted_p_value,term_size,query_size,intersection_size,effective_domain_size,intersections
GO:MF,structural molecule activity,GO:0005198,true,4.36357242576367E-19,18.3601578112984,190,105,40,2733,"PF3D7_0309600,PF3D7_1008700,PF3D7_0306900,PF3D7_0415900,PF3D7_0422300,PF3D7_0422400,PF3D7_0507100,PF3D7_0516900,PF3D7_0517000,PF3D7_0519400,PF3D7_0520000,PF3D7_0610400,PF3D7_0614500,PF3D7_0617800,PF3D7_0617900,PF3D7_0706400,PF3D7_0710600,PF3D7_0719600,PF3D7_1027800,PF3D7_1103100,PF3D7_1105000,PF3D7_1105100,PF3D7_1105400,PF3D7_1109900,PF3D7_1130200,PF3D7_1302800,PF3D7_1309100,PF3D7_1317800,PF3D7_1323400,PF3D7_1338200,PF3D7_1341300,PF3D7_1342000,PF3D7_1358800,PF3D7_1402500,PF3D7_1408600,PF3D7_1424100,PF3D7_1424400,PF3D7_1426000,PF3D7_1431700,PF3D7_1246200"
GO:MF,structural constituent of ribosome,GO:0003735,false,5.28363232352024E-15,14.2770674116143,148,105,32,2733,"PF3D7_0309600,PF3D7_0306900,PF3D7_0415900,PF3D7_0422400,PF3D7_0507100,PF3D7_0516900,PF3D7_0517000,PF3D7_0519400,PF3D7_0520000,PF3D7_0614500,PF3D7_0706400,PF3D7_0710600,PF3D7_0719600,PF3D7_1027800,PF3D7_1103100,PF3D7_1105400,PF3D7_1109900,PF3D7_1130200,PF3D7_1302800,PF3D7_1309100,PF3D7_1317800,PF3D7_1323400,PF3D7_1338200,PF3D7_1341300,PF3D7_1342000,PF3D7_1358800,PF3D7_1402500,PF3D7_1408600,PF3D7_1424100,PF3D7_1424400,PF3D7_1426000,PF3D7_1431700"
GO:MF,misfolded protein binding,GO:0051787,true,0.000284653674768,3.54568320524398,4,105,4,2733,"PF3D7_0818900,PF3D7_0831700,PF3D7_0917900,PF3D7_1134000"
GO:MF,structural constituent of chromatin,GO:0030527,false,0.001172627659669,2.93083986599306,9,105,5,2733,"PF3D7_0610400,PF3D7_0617800,PF3D7_0617900,PF3D7_1105000,PF3D7_1105100"
GO:MF,rRNA binding,GO:0019843,true,0.003135421123097,2.5037041201747,33,105,8,2733,"PF3D7_0517000,PF3D7_0520000,PF3D7_0706400,PF3D7_1105400,PF3D7_1130200,PF3D7_1323400,PF3D7_1358800,PF3D7_1424100"
GO:BP,peptide metabolic process,GO:0006518,true,7.52040765932846E-09,8.12375861693519,302,101,37,2564,"PF3D7_0309600,PF3D7_0306900,PF3D7_0415900,PF3D7_0422400,PF3D7_0506900,PF3D7_0507100,PF3D7_0516900,PF3D7_0517000,PF3D7_0519400,PF3D7_0520000,PF3D7_0614500,PF3D7_0706400,PF3D7_0710600,PF3D7_0719600,PF3D7_1027800,PF3D7_1103100,PF3D7_1105400,PF3D7_1109900,PF3D7_1128600,PF3D7_1130200,PF3D7_1212700,PF3D7_1243600,PF3D7_1302800,PF3D7_1309100,PF3D7_1317800,PF3D7_1323400,PF3D7_1338200,PF3D7_1338300,PF3D7_1341300,PF3D7_1342000,PF3D7_1358800,PF3D7_1402500,PF3D7_1408600,PF3D7_1424100,PF3D7_1424400,PF3D7_1426000,PF3D7_1431700"
GO:BP,translation,GO:0006412,false,7.72529250748605E-09,8.1120850676336,287,101,36,2564,"PF3D7_0309600,PF3D7_0306900,PF3D7_0415900,PF3D7_0422400,PF3D7_0507100,PF3D7_0516900,PF3D7_0517000,PF3D7_0519400,PF3D7_0520000,PF3D7_0614500,PF3D7_0706400,PF3D7_0710600,PF3D7_0719600,PF3D7_1027800,PF3D7_1103100,PF3D7_1105400,PF3D7_1109900,PF3D7_1128600,PF3D7_1130200,PF3D7_1212700,PF3D7_1243600,PF3D7_1302800,PF3D7_1309100,PF3D7_1317800,PF3D7_1323400,PF3D7_1338200,PF3D7_1338300,PF3D7_1341300,PF3D7_1342000,PF3D7_1358800,PF3D7_1402500,PF3D7_1408600,PF3D7_1424100,PF3D7_1424400,PF3D7_1426000,PF3D7_1431700"
GO:BP,peptide biosynthetic process,GO:0043043,false,9.53802666914624E-09,8.02054146757558,289,101,36,2564,"PF3D7_0309600,PF3D7_0306900,PF3D7_0415900,PF3D7_0422400,PF3D7_0507100,PF3D7_0516900,PF3D7_0517000,PF3D7_0519400,PF3D7_0520000,PF3D7_0614500,PF3D7_0706400,PF3D7_0710600,PF3D7_0719600,PF3D7_1027800,PF3D7_1103100,PF3D7_1105400,PF3D7_1109900,PF3D7_1128600,PF3D7_1130200,PF3D7_1212700,PF3D7_1243600,PF3D7_1302800,PF3D7_1309100,PF3D7_1317800,PF3D7_1323400,PF3D7_1338200,PF3D7_1338300,PF3D7_1341300,PF3D7_1342000,PF3D7_1358800,PF3D7_1402500,PF3D7_1408600,PF3D7_1424100,PF3D7_1424400,PF3D7_1426000,PF3D7_1431700"
GO:BP,amide metabolic process,GO:0043603,false,1.42076951329596E-08,7.84747637050508,324,101,38,2564,"PF3D7_0309600,PF3D7_0608800,PF3D7_0306900,PF3D7_0415900,PF3D7_0422400,PF3D7_0506900,PF3D7_0507100,PF3D7_0516900,PF3D7_0517000,PF3D7_0519400,PF3D7_0520000,PF3D7_0614500,PF3D7_0706400,PF3D7_0710600,PF3D7_0719600,PF3D7_1027800,PF3D7_1103100,PF3D7_1105400,PF3D7_1109900,PF3D7_1128600,PF3D7_1130200,PF3D7_1212700,PF3D7_1243600,PF3D7_1302800,PF3D7_1309100,PF3D7_1317800,PF3D7_1323400,PF3D7_1338200,PF3D7_1338300,PF3D7_1341300,PF3D7_1342000,PF3D7_1358800,PF3D7_1402500,PF3D7_1408600,PF3D7_1424100,PF3D7_1424400,PF3D7_1426000,PF3D7_1431700"
GO:BP,amide biosynthetic process,GO:0043604,false,2.656771227998E-08,7.5756458406577,299,101,36,2564,"PF3D7_0309600,PF3D7_0306900,PF3D7_0415900,PF3D7_0422400,PF3D7_0507100,PF3D7_0516900,PF3D7_0517000,PF3D7_0519400,PF3D7_0520000,PF3D7_0614500,PF3D7_0706400,PF3D7_0710600,PF3D7_0719600,PF3D7_1027800,PF3D7_1103100,PF3D7_1105400,PF3D7_1109900,PF3D7_1128600,PF3D7_1130200,PF3D7_1212700,PF3D7_1243600,PF3D7_1302800,PF3D7_1309100,PF3D7_1317800,PF3D7_1323400,PF3D7_1338200,PF3D7_1338300,PF3D7_1341300,PF3D7_1342000,PF3D7_1358800,PF3D7_1402500,PF3D7_1408600,PF3D7_1424100,PF3D7_1424400,PF3D7_1426000,PF3D7_1431700"
GO:BP,organonitrogen compound biosynthetic process,GO:1901566,false,1.03120625069119E-05,4.98665446315614,440,101,40,2564,"PF3D7_0309600,PF3D7_0608800,PF3D7_0306900,PF3D7_0415900,PF3D7_0422400,PF3D7_0507100,PF3D7_0516900,PF3D7_0517000,PF3D7_0519400,PF3D7_0520000,PF3D7_0614500,PF3D7_0706400,PF3D7_0710600,PF3D7_0719600,PF3D7_1012400,PF3D7_1027800,PF3D7_1103100,PF3D7_1105400,PF3D7_1109900,PF3D7_1128600,PF3D7_1129000,PF3D7_1130200,PF3D7_1212700,PF3D7_1243600,PF3D7_1302800,PF3D7_1309100,PF3D7_1317800,PF3D7_1323400,PF3D7_1338200,PF3D7_1338300,PF3D7_1341300,PF3D7_1342000,PF3D7_1343000,PF3D7_1358800,PF3D7_1402500,PF3D7_1408600,PF3D7_1424100,PF3D7_1424400,PF3D7_1426000,PF3D7_1431700"
GO:BP,cellular nitrogen compound biosynthetic process,GO:0044271,false,6.20565302979533E-05,4.20721251032739,566,101,45,2564,"PF3D7_1015900,PF3D7_0309600,PF3D7_0216000,PF3D7_0306900,PF3D7_0407700,PF3D7_0415900,PF3D7_0422400,PF3D7_0507100,PF3D7_0516900,PF3D7_0517000,PF3D7_0519400,PF3D7_0520000,PF3D7_0613800,PF3D7_0614500,PF3D7_0706400,PF3D7_0710600,PF3D7_0719600,PF3D7_0802100,PF3D7_0802600,PF3D7_1012400,PF3D7_1027800,PF3D7_1103100,PF3D7_1105000,PF3D7_1105400,PF3D7_1109900,PF3D7_1128600,PF3D7_1129000,PF3D7_1130200,PF3D7_1212700,PF3D7_1243600,PF3D7_1302800,PF3D7_1309100,PF3D7_1317800,PF3D7_1323400,PF3D7_1338200,PF3D7_1338300,PF3D7_1341300,PF3D7_1342000,PF3D7_1358800,PF3D7_1402500,PF3D7_1408600,PF3D7_1424100,PF3D7_1424400,PF3D7_1426000,PF3D7_1431700"
GO:BP,ribosomal large subunit assembly,GO:0000027,true,0.000235523848437,3.62796511095394,22,101,8,2564,"PF3D7_0517000,PF3D7_0719600,PF3D7_1027800,PF3D7_1130200,PF3D7_1309100,PF3D7_1323400,PF3D7_1338200,PF3D7_1424100"
GO:BP,ribosome assembly,GO:0042255,false,0.000482084932712,3.31687644193,40,101,10,2564,"PF3D7_0422400,PF3D7_0517000,PF3D7_0719600,PF3D7_1027800,PF3D7_1130200,PF3D7_1309100,PF3D7_1317800,PF3D7_1323400,PF3D7_1338200,PF3D7_1424100"
GO:BP,cellular response to heat,GO:0034605,true,0.00252820764266,2.59718726015304,9,101,5,2564,"PF3D7_0708400,PF3D7_0818900,PF3D7_0831700,PF3D7_0917900,PF3D7_1134000"
GO:BP,cellular response to unfolded protein,GO:0034620,true,0.002914991649116,2.53536268507238,5,101,4,2564,"PF3D7_0818900,PF3D7_0831700,PF3D7_0917900,PF3D7_1134000"
GO:BP,protein metabolic process,GO:0019538,false,0.003309250234823,2.48027039165129,847,101,54,2564,"PF3D7_0217500,PF3D7_0309600,PF3D7_0109400,PF3D7_0306900,PF3D7_0311700,PF3D7_0322000,PF3D7_0404700,PF3D7_0415900,PF3D7_0422400,PF3D7_0506900,PF3D7_0507100,PF3D7_0507200,PF3D7_0516900,PF3D7_0517000,PF3D7_0519400,PF3D7_0520000,PF3D7_0614500,PF3D7_0623800,PF3D7_0706400,PF3D7_0708400,PF3D7_0710600,PF3D7_0719600,PF3D7_0810300,PF3D7_0818900,PF3D7_0831700,PF3D7_0917900,PF3D7_0934800,PF3D7_1027800,PF3D7_1103100,PF3D7_1105400,PF3D7_1109900,PF3D7_1116800,PF3D7_1128600,PF3D7_1130200,PF3D7_1134000,PF3D7_1212700,PF3D7_1223100,PF3D7_1243600,PF3D7_1302800,PF3D7_1309100,PF3D7_1317800,PF3D7_1323400,PF3D7_1338200,PF3D7_1338300,PF3D7_1341300,PF3D7_1342000,PF3D7_1358800,PF3D7_1402500,PF3D7_1408600,PF3D7_1423300,PF3D7_1424100,PF3D7_1424400,PF3D7_1426000,PF3D7_1431700"
GO:BP,ribosomal large subunit biogenesis,GO:0042273,false,0.003473235231637,2.45926580225145,49,101,10,2564,"PF3D7_0517000,PF3D7_0719600,PF3D7_1027800,PF3D7_1130200,PF3D7_1309100,PF3D7_1323400,PF3D7_1338200,PF3D7_1424100,PF3D7_1424400,PF3D7_1431700"
GO:BP,non-membrane-bounded organelle assembly,GO:0140694,false,0.007222505629484,2.1413121109787,53,101,10,2564,"PF3D7_0422400,PF3D7_0517000,PF3D7_0719600,PF3D7_1027800,PF3D7_1130200,PF3D7_1309100,PF3D7_1317800,PF3D7_1323400,PF3D7_1338200,PF3D7_1424100"
GO:BP,organonitrogen compound metabolic process,GO:1901564,false,0.008242590483551,2.08393627666389,990,101,59,2564,"PF3D7_0217500,PF3D7_0309600,PF3D7_0608800,PF3D7_0109400,PF3D7_0306900,PF3D7_0311700,PF3D7_0322000,PF3D7_0404700,PF3D7_0415900,PF3D7_0422400,PF3D7_0506900,PF3D7_0507100,PF3D7_0507200,PF3D7_0516900,PF3D7_0517000,PF3D7_0519400,PF3D7_0520000,PF3D7_0614500,PF3D7_0623800,PF3D7_0706400,PF3D7_0708400,PF3D7_0710600,PF3D7_0719600,PF3D7_0810300,PF3D7_0818900,PF3D7_0831700,PF3D7_0917900,PF3D7_0934800,PF3D7_1012400,PF3D7_1027800,PF3D7_1103100,PF3D7_1105400,PF3D7_1109900,PF3D7_1116800,PF3D7_1128600,PF3D7_1129000,PF3D7_1130200,PF3D7_1134000,PF3D7_1212700,PF3D7_1223100,PF3D7_1243600,PF3D7_1302800,PF3D7_1309100,PF3D7_1317800,PF3D7_1323400,PF3D7_1338200,PF3D7_1338300,PF3D7_1341300,PF3D7_1342000,PF3D7_1343000,PF3D7_1358800,PF3D7_1402500,PF3D7_1408600,PF3D7_1423300,PF3D7_1424100,PF3D7_1424400,PF3D7_1426000,PF3D7_1431700,PF3D7_0520900"
GO:BP,cytoplasmic translation,GO:0002181,false,0.017383952257317,1.75985147941719,37,101,8,2564,"PF3D7_0309600,PF3D7_0415900,PF3D7_0516900,PF3D7_1103100,PF3D7_1109900,PF3D7_1130200,PF3D7_1212700,PF3D7_1338200"
GO:BP,organelle assembly,GO:0070925,false,0.022898399791576,1.64019486639246,85,101,12,2564,"PF3D7_1015900,PF3D7_0828700,PF3D7_0422400,PF3D7_0517000,PF3D7_0719600,PF3D7_1027800,PF3D7_1130200,PF3D7_1309100,PF3D7_1317800,PF3D7_1323400,PF3D7_1338200,PF3D7_1424100"
GO:BP,response to heat,GO:0009408,false,0.038055799134009,1.41957915387378,22,101,6,2564,"PF3D7_0708400,PF3D7_0818900,PF3D7_0831700,PF3D7_0917900,PF3D7_1116800,PF3D7_1134000"
GO:BP,protein refolding,GO:0042026,true,0.049838964309569,1.30243099121471,15,101,5,2564,"PF3D7_0322000,PF3D7_0818900,PF3D7_0831700,PF3D7_0917900,PF3D7_1134000"
GO:BP,response to unfolded protein,GO:0006986,false,0.049838964309569,1.30243099121471,15,101,5,2564,"PF3D7_0818900,PF3D7_0831700,PF3D7_0917900,PF3D7_1116800,PF3D7_1134000"
GO:BP,response to temperature stimulus,GO:0009266,false,0.049858362973949,1.30226198501901,23,101,6,2564,"PF3D7_0708400,PF3D7_0818900,PF3D7_0831700,PF3D7_0917900,PF3D7_1116800,PF3D7_1134000"
GO:CC,cytosolic ribosome,GO:0022626,true,1.3329273980607E-18,17.87519350511,93,121,31,2712,"PF3D7_0309600,PF3D7_0306900,PF3D7_0415900,PF3D7_0422400,PF3D7_0507100,PF3D7_0516900,PF3D7_0517000,PF3D7_0519400,PF3D7_0520000,PF3D7_0614500,PF3D7_0706400,PF3D7_0710600,PF3D7_0719600,PF3D7_1027800,PF3D7_1103100,PF3D7_1105400,PF3D7_1109900,PF3D7_1130200,PF3D7_1302800,PF3D7_1309100,PF3D7_1317800,PF3D7_1323400,PF3D7_1338200,PF3D7_1341300,PF3D7_1342000,PF3D7_1358800,PF3D7_1408600,PF3D7_1424100,PF3D7_1424400,PF3D7_1426000,PF3D7_1431700"
GO:CC,cytosolic large ribosomal subunit,GO:0022625,false,1.15869230925046E-13,12.9360318756288,54,121,21,2712,"PF3D7_0309600,PF3D7_0415900,PF3D7_0507100,PF3D7_0516900,PF3D7_0517000,PF3D7_0614500,PF3D7_0706400,PF3D7_0710600,PF3D7_0719600,PF3D7_1027800,PF3D7_1103100,PF3D7_1109900,PF3D7_1130200,PF3D7_1309100,PF3D7_1323400,PF3D7_1338200,PF3D7_1341300,PF3D7_1424100,PF3D7_1424400,PF3D7_1426000,PF3D7_1431700"
GO:CC,ribosomal subunit,GO:0044391,false,1.44117151135255E-13,12.8412843314681,133,121,31,2712,"PF3D7_0309600,PF3D7_0306900,PF3D7_0415900,PF3D7_0422400,PF3D7_0507100,PF3D7_0516900,PF3D7_0517000,PF3D7_0519400,PF3D7_0520000,PF3D7_0614500,PF3D7_0706400,PF3D7_0710600,PF3D7_0719600,PF3D7_1027800,PF3D7_1103100,PF3D7_1105400,PF3D7_1109900,PF3D7_1130200,PF3D7_1302800,PF3D7_1309100,PF3D7_1317800,PF3D7_1323400,PF3D7_1338200,PF3D7_1341300,PF3D7_1342000,PF3D7_1358800,PF3D7_1408600,PF3D7_1424100,PF3D7_1424400,PF3D7_1426000,PF3D7_1431700"
GO:CC,ribosome,GO:0005840,false,7.41041758186445E-12,11.1301573185538,162,121,32,2712,"PF3D7_0309600,PF3D7_0306900,PF3D7_0415900,PF3D7_0422400,PF3D7_0507100,PF3D7_0516900,PF3D7_0517000,PF3D7_0519400,PF3D7_0520000,PF3D7_0614500,PF3D7_0706400,PF3D7_0710600,PF3D7_0719600,PF3D7_1027800,PF3D7_1103100,PF3D7_1105400,PF3D7_1109900,PF3D7_1130200,PF3D7_1302800,PF3D7_1309100,PF3D7_1317800,PF3D7_1323400,PF3D7_1338200,PF3D7_1341300,PF3D7_1342000,PF3D7_1358800,PF3D7_1402500,PF3D7_1408600,PF3D7_1424100,PF3D7_1424400,PF3D7_1426000,PF3D7_1431700"
GO:CC,cytosol,GO:0005829,false,8.29559625951525E-10,9.0811523928933,318,121,42,2712,"PF3D7_1015900,PF3D7_0309600,PF3D7_1444800,PF3D7_0306900,PF3D7_0322000,PF3D7_0415900,PF3D7_0422400,PF3D7_0507100,PF3D7_0516900,PF3D7_0517000,PF3D7_0519400,PF3D7_0520000,PF3D7_0614500,PF3D7_0706400,PF3D7_0708400,PF3D7_0710600,PF3D7_0719600,PF3D7_0915400,PF3D7_1027800,PF3D7_1103100,PF3D7_1105400,PF3D7_1109900,PF3D7_1120100,PF3D7_1129000,PF3D7_1130200,PF3D7_1223100,PF3D7_1302800,PF3D7_1309100,PF3D7_1317800,PF3D7_1323400,PF3D7_1338200,PF3D7_1341300,PF3D7_1342000,PF3D7_1358800,PF3D7_1408600,PF3D7_1423300,PF3D7_1424100,PF3D7_1424400,PF3D7_1426000,PF3D7_1431700,PF3D7_1462800,PF3D7_0520900"
GO:CC,large ribosomal subunit,GO:0015934,false,5.04170634034888E-09,8.29742245387579,87,121,21,2712,"PF3D7_0309600,PF3D7_0415900,PF3D7_0507100,PF3D7_0516900,PF3D7_0517000,PF3D7_0614500,PF3D7_0706400,PF3D7_0710600,PF3D7_0719600,PF3D7_1027800,PF3D7_1103100,PF3D7_1109900,PF3D7_1130200,PF3D7_1309100,PF3D7_1323400,PF3D7_1338200,PF3D7_1341300,PF3D7_1424100,PF3D7_1424400,PF3D7_1426000,PF3D7_1431700"
GO:CC,intracellular non-membrane-bounded organelle,GO:0043232,false,2.43021228439021E-07,6.6143557881661,472,121,48,2712,"PF3D7_1015900,PF3D7_0309600,PF3D7_0828700,PF3D7_1008700,PF3D7_0109400,PF3D7_0216000,PF3D7_0306900,PF3D7_0415900,PF3D7_0422300,PF3D7_0422400,PF3D7_0507100,PF3D7_0516900,PF3D7_0517000,PF3D7_0519400,PF3D7_0520000,PF3D7_0610400,PF3D7_0614500,PF3D7_0617800,PF3D7_0617900,PF3D7_0706400,PF3D7_0710600,PF3D7_0719600,PF3D7_1027800,PF3D7_1029900,PF3D7_1103100,PF3D7_1105000,PF3D7_1105100,PF3D7_1105400,PF3D7_1109900,PF3D7_1128600,PF3D7_1130200,PF3D7_1229800,PF3D7_1302800,PF3D7_1309100,PF3D7_1317800,PF3D7_1323400,PF3D7_1338200,PF3D7_1341300,PF3D7_1342000,PF3D7_1358800,PF3D7_1402500,PF3D7_1408600,PF3D7_1424100,PF3D7_1424400,PF3D7_1426000,PF3D7_1431700,PF3D7_1246200,PF3D7_0932200"
GO:CC,non-membrane-bounded organelle,GO:0043228,false,2.61946340472085E-07,6.5817876644956,473,121,48,2712,"PF3D7_1015900,PF3D7_0309600,PF3D7_0828700,PF3D7_1008700,PF3D7_0109400,PF3D7_0216000,PF3D7_0306900,PF3D7_0415900,PF3D7_0422300,PF3D7_0422400,PF3D7_0507100,PF3D7_0516900,PF3D7_0517000,PF3D7_0519400,PF3D7_0520000,PF3D7_0610400,PF3D7_0614500,PF3D7_0617800,PF3D7_0617900,PF3D7_0706400,PF3D7_0710600,PF3D7_0719600,PF3D7_1027800,PF3D7_1029900,PF3D7_1103100,PF3D7_1105000,PF3D7_1105100,PF3D7_1105400,PF3D7_1109900,PF3D7_1128600,PF3D7_1130200,PF3D7_1229800,PF3D7_1302800,PF3D7_1309100,PF3D7_1317800,PF3D7_1323400,PF3D7_1338200,PF3D7_1341300,PF3D7_1342000,PF3D7_1358800,PF3D7_1402500,PF3D7_1408600,PF3D7_1424100,PF3D7_1424400,PF3D7_1426000,PF3D7_1431700,PF3D7_1246200,PF3D7_0932200"
GO:CC,rhoptry,GO:0020008,true,1.24796020167585E-06,5.9037992643877,35,121,12,2712,"PF3D7_0214900,PF3D7_0220800,PF3D7_0302200,PF3D7_0405900,PF3D7_0501600,PF3D7_0511600,PF3D7_0707300,PF3D7_0722200,PF3D7_0817700,PF3D7_0905400,PF3D7_0929400,PF3D7_1116000"
GO:CC,apical complex,GO:0020007,false,1.1110172797587E-05,4.95427918638272,58,121,14,2712,"PF3D7_0214900,PF3D7_0220800,PF3D7_0302200,PF3D7_0405900,PF3D7_0501600,PF3D7_0511600,PF3D7_0707300,PF3D7_0722200,PF3D7_0817700,PF3D7_0905400,PF3D7_0929400,PF3D7_1116000,PF3D7_1116800,PF3D7_1436300"
GO:CC,apical part of cell,GO:0045177,false,1.76101349716864E-05,4.75423731539933,60,121,14,2712,"PF3D7_0214900,PF3D7_0220800,PF3D7_0302200,PF3D7_0405900,PF3D7_0501600,PF3D7_0511600,PF3D7_0707300,PF3D7_0722200,PF3D7_0817700,PF3D7_0905400,PF3D7_0929400,PF3D7_1116000,PF3D7_1116800,PF3D7_1436300"
GO:CC,rhoptry neck,GO:1990225,false,1.796633317919E-05,4.74554055074526,8,121,6,2712,"PF3D7_0214900,PF3D7_0405900,PF3D7_0511600,PF3D7_0722200,PF3D7_0817700,PF3D7_1116000"
GO:CC,cytosolic small ribosomal subunit,GO:0022627,false,3.78999694412944E-05,4.42136114020297,38,121,11,2712,"PF3D7_0306900,PF3D7_0422400,PF3D7_0519400,PF3D7_0520000,PF3D7_1105400,PF3D7_1302800,PF3D7_1317800,PF3D7_1342000,PF3D7_1358800,PF3D7_1408600,PF3D7_1431700"
GO:CC,small ribosomal subunit,GO:0015935,false,0.000389335907121,3.40967554093748,47,121,11,2712,"PF3D7_0306900,PF3D7_0422400,PF3D7_0519400,PF3D7_0520000,PF3D7_1105400,PF3D7_1302800,PF3D7_1317800,PF3D7_1342000,PF3D7_1358800,PF3D7_1408600,PF3D7_1431700"
GO:CC,ribonucleoprotein complex,GO:1990904,false,0.00127374801378,2.89491648020247,352,121,33,2712,"PF3D7_0309600,PF3D7_0306900,PF3D7_0415900,PF3D7_0422400,PF3D7_0507100,PF3D7_0516900,PF3D7_0517000,PF3D7_0519400,PF3D7_0520000,PF3D7_0614500,PF3D7_0706400,PF3D7_0710600,PF3D7_0719600,PF3D7_0931100,PF3D7_1027800,PF3D7_1103100,PF3D7_1105400,PF3D7_1109900,PF3D7_1130200,PF3D7_1212700,PF3D7_1302800,PF3D7_1309100,PF3D7_1317800,PF3D7_1323400,PF3D7_1338200,PF3D7_1341300,PF3D7_1342000,PF3D7_1358800,PF3D7_1408600,PF3D7_1424100,PF3D7_1424400,PF3D7_1426000,PF3D7_1431700"
GO:CC,nucleosome,GO:0000786,true,0.00175722970364,2.75517146417185,9,121,5,2712,"PF3D7_0610400,PF3D7_0617800,PF3D7_0617900,PF3D7_1105000,PF3D7_1105100"
GO:CC,extracellular membrane-bounded organelle,GO:0065010,false,0.009616165270294,2.0169980811816,54,121,10,2712,"PF3D7_1228600,PF3D7_1420700,PF3D7_1035200,PF3D7_0102200,PF3D7_0406200,PF3D7_0501300,PF3D7_0707300,PF3D7_1116800,PF3D7_1121600,PF3D7_1436300"
GO:CC,symbiont-containing vacuole,GO:0020003,true,0.009616165270294,2.0169980811816,54,121,10,2712,"PF3D7_1228600,PF3D7_1420700,PF3D7_1035200,PF3D7_0102200,PF3D7_0406200,PF3D7_0501300,PF3D7_0707300,PF3D7_1116800,PF3D7_1121600,PF3D7_1436300"
GO:CC,extracellular organelle,GO:0043230,false,0.011314869239684,1.94635046060558,55,121,10,2712,"PF3D7_1228600,PF3D7_1420700,PF3D7_1035200,PF3D7_0102200,PF3D7_0406200,PF3D7_0501300,PF3D7_0707300,PF3D7_1116800,PF3D7_1121600,PF3D7_1436300"
GO:CC,extracellular region,GO:0005576,false,0.02606872828461,1.58388015457958,72,121,11,2712,"PF3D7_1228600,PF3D7_1420700,PF3D7_1035200,PF3D7_0102200,PF3D7_0404700,PF3D7_0406200,PF3D7_0501300,PF3D7_0707300,PF3D7_1116800,PF3D7_1121600,PF3D7_1436300"
KEGG,Ribosome,KEGG:03010,false,3.30427063308898E-20,19.4809243894256,94,58,32,1089,"PF3D7_0309600,PF3D7_0306900,PF3D7_0415900,PF3D7_0422400,PF3D7_0507100,PF3D7_0516900,PF3D7_0517000,PF3D7_0519400,PF3D7_0520000,PF3D7_0614500,PF3D7_0706400,PF3D7_0710600,PF3D7_0719600,PF3D7_1027800,PF3D7_1103100,PF3D7_1105400,PF3D7_1109900,PF3D7_1130200,PF3D7_1302800,PF3D7_1309100,PF3D7_1317800,PF3D7_1323400,PF3D7_1338200,PF3D7_1341300,PF3D7_1342000,PF3D7_1358800,PF3D7_1402500,PF3D7_1408600,PF3D7_1424100,PF3D7_1424400,PF3D7_1426000,PF3D7_1431700"
REAC,Selenoamino acid metabolism,REAC:R-PFA-2408522,false,2.07991333150038E-16,15.6819547614004,87,56,30,893,"PF3D7_0309600,PF3D7_0306900,PF3D7_0415900,PF3D7_0422400,PF3D7_0507100,PF3D7_0516900,PF3D7_0517000,PF3D7_0519400,PF3D7_0520000,PF3D7_0614500,PF3D7_0706400,PF3D7_0710600,PF3D7_0719600,PF3D7_1103100,PF3D7_1105400,PF3D7_1109900,PF3D7_1302800,PF3D7_1317800,PF3D7_1323400,PF3D7_1338200,PF3D7_1341300,PF3D7_1342000,PF3D7_1358800,PF3D7_1402500,PF3D7_1408600,PF3D7_1424100,PF3D7_1424400,PF3D7_1426000,PF3D7_1431700,PF3D7_0520900"
REAC,Eukaryotic Translation Elongation,REAC:R-PFA-156842,false,4.46886814884588E-16,15.3498024587371,89,56,30,893,"PF3D7_0309600,PF3D7_0306900,PF3D7_0415900,PF3D7_0422400,PF3D7_0507100,PF3D7_0516900,PF3D7_0517000,PF3D7_0519400,PF3D7_0520000,PF3D7_0614500,PF3D7_0706400,PF3D7_0710600,PF3D7_0719600,PF3D7_1103100,PF3D7_1105400,PF3D7_1109900,PF3D7_1302800,PF3D7_1317800,PF3D7_1323400,PF3D7_1338200,PF3D7_1338300,PF3D7_1341300,PF3D7_1342000,PF3D7_1358800,PF3D7_1402500,PF3D7_1408600,PF3D7_1424100,PF3D7_1424400,PF3D7_1426000,PF3D7_1431700"
REAC,Peptide chain elongation,REAC:R-PFA-156902,false,1.00397404149436E-15,14.998277516057,84,56,29,893,"PF3D7_0309600,PF3D7_0306900,PF3D7_0415900,PF3D7_0422400,PF3D7_0507100,PF3D7_0516900,PF3D7_0517000,PF3D7_0519400,PF3D7_0520000,PF3D7_0614500,PF3D7_0706400,PF3D7_0710600,PF3D7_0719600,PF3D7_1103100,PF3D7_1105400,PF3D7_1109900,PF3D7_1302800,PF3D7_1317800,PF3D7_1323400,PF3D7_1338200,PF3D7_1341300,PF3D7_1342000,PF3D7_1358800,PF3D7_1402500,PF3D7_1408600,PF3D7_1424100,PF3D7_1424400,PF3D7_1426000,PF3D7_1431700"
REAC,Eukaryotic Translation Termination,REAC:R-PFA-72764,false,2.15380804394333E-15,14.6667930053885,86,56,29,893,"PF3D7_0309600,PF3D7_0306900,PF3D7_0415900,PF3D7_0422400,PF3D7_0507100,PF3D7_0516900,PF3D7_0517000,PF3D7_0519400,PF3D7_0520000,PF3D7_0614500,PF3D7_0706400,PF3D7_0710600,PF3D7_0719600,PF3D7_1103100,PF3D7_1105400,PF3D7_1109900,PF3D7_1302800,PF3D7_1317800,PF3D7_1323400,PF3D7_1338200,PF3D7_1341300,PF3D7_1342000,PF3D7_1358800,PF3D7_1402500,PF3D7_1408600,PF3D7_1424100,PF3D7_1424400,PF3D7_1426000,PF3D7_1431700"
REAC,Selenocysteine synthesis,REAC:R-PFA-2408557,false,2.15380804394333E-15,14.6667930053885,86,56,29,893,"PF3D7_0309600,PF3D7_0306900,PF3D7_0415900,PF3D7_0422400,PF3D7_0507100,PF3D7_0516900,PF3D7_0517000,PF3D7_0519400,PF3D7_0520000,PF3D7_0614500,PF3D7_0706400,PF3D7_0710600,PF3D7_0719600,PF3D7_1103100,PF3D7_1105400,PF3D7_1109900,PF3D7_1302800,PF3D7_1317800,PF3D7_1323400,PF3D7_1338200,PF3D7_1341300,PF3D7_1342000,PF3D7_1358800,PF3D7_1402500,PF3D7_1408600,PF3D7_1424100,PF3D7_1424400,PF3D7_1426000,PF3D7_1431700"
REAC,Formation of a pool of free 40S subunits,REAC:R-PFA-72689,false,2.74538425818752E-15,14.5613968608565,94,56,30,893,"PF3D7_0309600,PF3D7_0306900,PF3D7_0415900,PF3D7_0422400,PF3D7_0507100,PF3D7_0516900,PF3D7_0517000,PF3D7_0519400,PF3D7_0520000,PF3D7_0614500,PF3D7_0706400,PF3D7_0710600,PF3D7_0719600,PF3D7_1103100,PF3D7_1105400,PF3D7_1109900,PF3D7_1212700,PF3D7_1302800,PF3D7_1317800,PF3D7_1323400,PF3D7_1338200,PF3D7_1341300,PF3D7_1342000,PF3D7_1358800,PF3D7_1402500,PF3D7_1408600,PF3D7_1424100,PF3D7_1424400,PF3D7_1426000,PF3D7_1431700"
REAC,Nonsense Mediated Decay (NMD) independent of the Exon Junction Complex (EJC),REAC:R-PFA-975956,false,3.12671639934002E-15,14.5049115085195,87,56,29,893,"PF3D7_0309600,PF3D7_0306900,PF3D7_0415900,PF3D7_0422400,PF3D7_0507100,PF3D7_0516900,PF3D7_0517000,PF3D7_0519400,PF3D7_0520000,PF3D7_0614500,PF3D7_0706400,PF3D7_0710600,PF3D7_0719600,PF3D7_1103100,PF3D7_1105400,PF3D7_1109900,PF3D7_1302800,PF3D7_1317800,PF3D7_1323400,PF3D7_1338200,PF3D7_1341300,PF3D7_1342000,PF3D7_1358800,PF3D7_1402500,PF3D7_1408600,PF3D7_1424100,PF3D7_1424400,PF3D7_1426000,PF3D7_1431700"
REAC,L13a-mediated translational silencing of Ceruloplasmin expression,REAC:R-PFA-156827,false,3.88676168824906E-15,14.4104120867552,95,56,30,893,"PF3D7_0309600,PF3D7_0306900,PF3D7_0415900,PF3D7_0422400,PF3D7_0507100,PF3D7_0516900,PF3D7_0517000,PF3D7_0519400,PF3D7_0520000,PF3D7_0614500,PF3D7_0706400,PF3D7_0710600,PF3D7_0719600,PF3D7_1103100,PF3D7_1105400,PF3D7_1109900,PF3D7_1212700,PF3D7_1302800,PF3D7_1317800,PF3D7_1323400,PF3D7_1338200,PF3D7_1341300,PF3D7_1342000,PF3D7_1358800,PF3D7_1402500,PF3D7_1408600,PF3D7_1424100,PF3D7_1424400,PF3D7_1426000,PF3D7_1431700"
REAC,Eukaryotic Translation Initiation,REAC:R-PFA-72613,false,7.67913248504706E-15,14.1146878396348,97,56,30,893,"PF3D7_0309600,PF3D7_0306900,PF3D7_0415900,PF3D7_0422400,PF3D7_0507100,PF3D7_0516900,PF3D7_0517000,PF3D7_0519400,PF3D7_0520000,PF3D7_0614500,PF3D7_0706400,PF3D7_0710600,PF3D7_0719600,PF3D7_1103100,PF3D7_1105400,PF3D7_1109900,PF3D7_1212700,PF3D7_1302800,PF3D7_1317800,PF3D7_1323400,PF3D7_1338200,PF3D7_1341300,PF3D7_1342000,PF3D7_1358800,PF3D7_1402500,PF3D7_1408600,PF3D7_1424100,PF3D7_1424400,PF3D7_1426000,PF3D7_1431700"
REAC,Cap-dependent Translation Initiation,REAC:R-PFA-72737,false,7.67913248504706E-15,14.1146878396348,97,56,30,893,"PF3D7_0309600,PF3D7_0306900,PF3D7_0415900,PF3D7_0422400,PF3D7_0507100,PF3D7_0516900,PF3D7_0517000,PF3D7_0519400,PF3D7_0520000,PF3D7_0614500,PF3D7_0706400,PF3D7_0710600,PF3D7_0719600,PF3D7_1103100,PF3D7_1105400,PF3D7_1109900,PF3D7_1212700,PF3D7_1302800,PF3D7_1317800,PF3D7_1323400,PF3D7_1338200,PF3D7_1341300,PF3D7_1342000,PF3D7_1358800,PF3D7_1402500,PF3D7_1408600,PF3D7_1424100,PF3D7_1424400,PF3D7_1426000,PF3D7_1431700"
REAC,GTP hydrolysis and joining of the 60S ribosomal subunit,REAC:R-PFA-72706,false,7.67913248504706E-15,14.1146878396348,97,56,30,893,"PF3D7_0309600,PF3D7_0306900,PF3D7_0415900,PF3D7_0422400,PF3D7_0507100,PF3D7_0516900,PF3D7_0517000,PF3D7_0519400,PF3D7_0520000,PF3D7_0614500,PF3D7_0706400,PF3D7_0710600,PF3D7_0719600,PF3D7_1103100,PF3D7_1105400,PF3D7_1109900,PF3D7_1212700,PF3D7_1302800,PF3D7_1317800,PF3D7_1323400,PF3D7_1338200,PF3D7_1341300,PF3D7_1342000,PF3D7_1358800,PF3D7_1402500,PF3D7_1408600,PF3D7_1424100,PF3D7_1424400,PF3D7_1426000,PF3D7_1431700"
REAC,Nonsense Mediated Decay (NMD) enhanced by the Exon Junction Complex (EJC),REAC:R-PFA-975957,false,1.85639174830093E-14,13.7313303706965,92,56,29,893,"PF3D7_0309600,PF3D7_0306900,PF3D7_0415900,PF3D7_0422400,PF3D7_0507100,PF3D7_0516900,PF3D7_0517000,PF3D7_0519400,PF3D7_0520000,PF3D7_0614500,PF3D7_0706400,PF3D7_0710600,PF3D7_0719600,PF3D7_1103100,PF3D7_1105400,PF3D7_1109900,PF3D7_1302800,PF3D7_1317800,PF3D7_1323400,PF3D7_1338200,PF3D7_1341300,PF3D7_1342000,PF3D7_1358800,PF3D7_1402500,PF3D7_1408600,PF3D7_1424100,PF3D7_1424400,PF3D7_1426000,PF3D7_1431700"
REAC,Nonsense-Mediated Decay (NMD),REAC:R-PFA-927802,false,1.85639174830093E-14,13.7313303706965,92,56,29,893,"PF3D7_0309600,PF3D7_0306900,PF3D7_0415900,PF3D7_0422400,PF3D7_0507100,PF3D7_0516900,PF3D7_0517000,PF3D7_0519400,PF3D7_0520000,PF3D7_0614500,PF3D7_0706400,PF3D7_0710600,PF3D7_0719600,PF3D7_1103100,PF3D7_1105400,PF3D7_1109900,PF3D7_1302800,PF3D7_1317800,PF3D7_1323400,PF3D7_1338200,PF3D7_1341300,PF3D7_1342000,PF3D7_1358800,PF3D7_1402500,PF3D7_1408600,PF3D7_1424100,PF3D7_1424400,PF3D7_1426000,PF3D7_1431700"
REAC,Metabolism of amino acids and derivatives,REAC:R-PFA-71291,false,3.73519082490945E-14,13.4276872058732,110,56,31,893,"PF3D7_0309600,PF3D7_0306900,PF3D7_0415900,PF3D7_0422400,PF3D7_0507100,PF3D7_0516900,PF3D7_0517000,PF3D7_0519400,PF3D7_0520000,PF3D7_0614500,PF3D7_0706400,PF3D7_0710600,PF3D7_0719600,PF3D7_1103100,PF3D7_1105400,PF3D7_1109900,PF3D7_1129000,PF3D7_1302800,PF3D7_1317800,PF3D7_1323400,PF3D7_1338200,PF3D7_1341300,PF3D7_1342000,PF3D7_1358800,PF3D7_1402500,PF3D7_1408600,PF3D7_1424100,PF3D7_1424400,PF3D7_1426000,PF3D7_1431700,PF3D7_0520900"
REAC,SRP-dependent cotranslational protein targeting to membrane,REAC:R-PFA-1799339,false,2.49191251509534E-13,12.6034672087538,100,56,29,893,"PF3D7_0309600,PF3D7_0306900,PF3D7_0415900,PF3D7_0422400,PF3D7_0507100,PF3D7_0516900,PF3D7_0517000,PF3D7_0519400,PF3D7_0520000,PF3D7_0614500,PF3D7_0706400,PF3D7_0710600,PF3D7_0719600,PF3D7_1103100,PF3D7_1105400,PF3D7_1109900,PF3D7_1302800,PF3D7_1317800,PF3D7_1323400,PF3D7_1338200,PF3D7_1341300,PF3D7_1342000,PF3D7_1358800,PF3D7_1402500,PF3D7_1408600,PF3D7_1424100,PF3D7_1424400,PF3D7_1426000,PF3D7_1431700"
REAC,Translation,REAC:R-PFA-72766,false,7.55927686726381E-11,10.1215197478292,140,56,31,893,"PF3D7_0309600,PF3D7_0306900,PF3D7_0415900,PF3D7_0422400,PF3D7_0507100,PF3D7_0516900,PF3D7_0517000,PF3D7_0519400,PF3D7_0520000,PF3D7_0614500,PF3D7_0706400,PF3D7_0710600,PF3D7_0719600,PF3D7_1103100,PF3D7_1105400,PF3D7_1109900,PF3D7_1212700,PF3D7_1302800,PF3D7_1317800,PF3D7_1323400,PF3D7_1338200,PF3D7_1338300,PF3D7_1341300,PF3D7_1342000,PF3D7_1358800,PF3D7_1402500,PF3D7_1408600,PF3D7_1424100,PF3D7_1424400,PF3D7_1426000,PF3D7_1431700"
REAC,Major pathway of rRNA processing in the nucleolus and cytosol,REAC:R-PFA-6791226,false,8.67124684844624E-10,9.06191845033617,132,56,29,893,"PF3D7_0309600,PF3D7_0306900,PF3D7_0415900,PF3D7_0422400,PF3D7_0507100,PF3D7_0516900,PF3D7_0517000,PF3D7_0519400,PF3D7_0520000,PF3D7_0614500,PF3D7_0706400,PF3D7_0710600,PF3D7_0719600,PF3D7_1103100,PF3D7_1105400,PF3D7_1109900,PF3D7_1302800,PF3D7_1317800,PF3D7_1323400,PF3D7_1338200,PF3D7_1341300,PF3D7_1342000,PF3D7_1358800,PF3D7_1402500,PF3D7_1408600,PF3D7_1424100,PF3D7_1424400,PF3D7_1426000,PF3D7_1431700"
REAC,rRNA processing,REAC:R-PFA-72312,false,8.67124684844624E-10,9.06191845033617,132,56,29,893,"PF3D7_0309600,PF3D7_0306900,PF3D7_0415900,PF3D7_0422400,PF3D7_0507100,PF3D7_0516900,PF3D7_0517000,PF3D7_0519400,PF3D7_0520000,PF3D7_0614500,PF3D7_0706400,PF3D7_0710600,PF3D7_0719600,PF3D7_1103100,PF3D7_1105400,PF3D7_1109900,PF3D7_1302800,PF3D7_1317800,PF3D7_1323400,PF3D7_1338200,PF3D7_1341300,PF3D7_1342000,PF3D7_1358800,PF3D7_1402500,PF3D7_1408600,PF3D7_1424100,PF3D7_1424400,PF3D7_1426000,PF3D7_1431700"
REAC,rRNA processing in the nucleus and cytosol,REAC:R-PFA-8868773,false,8.67124684844624E-10,9.06191845033617,132,56,29,893,"PF3D7_0309600,PF3D7_0306900,PF3D7_0415900,PF3D7_0422400,PF3D7_0507100,PF3D7_0516900,PF3D7_0517000,PF3D7_0519400,PF3D7_0520000,PF3D7_0614500,PF3D7_0706400,PF3D7_0710600,PF3D7_0719600,PF3D7_1103100,PF3D7_1105400,PF3D7_1109900,PF3D7_1302800,PF3D7_1317800,PF3D7_1323400,PF3D7_1338200,PF3D7_1341300,PF3D7_1342000,PF3D7_1358800,PF3D7_1402500,PF3D7_1408600,PF3D7_1424100,PF3D7_1424400,PF3D7_1426000,PF3D7_1431700"
REAC,Metabolism,REAC:R-PFA-1430728,false,2.47627661932868E-08,7.60620084287574,256,56,38,893,"PF3D7_1015900,PF3D7_0309600,PF3D7_1444800,PF3D7_0306900,PF3D7_0415900,PF3D7_0422400,PF3D7_0507100,PF3D7_0516900,PF3D7_0517000,PF3D7_0519400,PF3D7_0520000,PF3D7_0614500,PF3D7_0706400,PF3D7_0710600,PF3D7_0719600,PF3D7_0915400,PF3D7_0918000,PF3D7_1103100,PF3D7_1105400,PF3D7_1109900,PF3D7_1129000,PF3D7_1223100,PF3D7_1302800,PF3D7_1317800,PF3D7_1323400,PF3D7_1338200,PF3D7_1341300,PF3D7_1342000,PF3D7_1351600,PF3D7_1358800,PF3D7_1402500,PF3D7_1408600,PF3D7_1424100,PF3D7_1424400,PF3D7_1426000,PF3D7_1431700,PF3D7_1462800,PF3D7_0520900"
REAC,Metabolism of RNA,REAC:R-PFA-8953854,false,7.65928179514926E-07,6.11581195191139,170,56,29,893,"PF3D7_0309600,PF3D7_0306900,PF3D7_0415900,PF3D7_0422400,PF3D7_0507100,PF3D7_0516900,PF3D7_0517000,PF3D7_0519400,PF3D7_0520000,PF3D7_0614500,PF3D7_0706400,PF3D7_0710600,PF3D7_0719600,PF3D7_1103100,PF3D7_1105400,PF3D7_1109900,PF3D7_1302800,PF3D7_1317800,PF3D7_1323400,PF3D7_1338200,PF3D7_1341300,PF3D7_1342000,PF3D7_1358800,PF3D7_1402500,PF3D7_1408600,PF3D7_1424100,PF3D7_1424400,PF3D7_1426000,PF3D7_1431700"
REAC,Metabolism of proteins,REAC:R-PFA-392499,false,0.000782628410027,3.10644439091765,325,56,36,893,"PF3D7_0309600,PF3D7_1008700,PF3D7_0306900,PF3D7_0404700,PF3D7_0415900,PF3D7_0422300,PF3D7_0422400,PF3D7_0507100,PF3D7_0516900,PF3D7_0517000,PF3D7_0519400,PF3D7_0520000,PF3D7_0614500,PF3D7_0706400,PF3D7_0710600,PF3D7_0719600,PF3D7_1103100,PF3D7_1105000,PF3D7_1105400,PF3D7_1109900,PF3D7_1144800,PF3D7_1212700,PF3D7_1302800,PF3D7_1317800,PF3D7_1323400,PF3D7_1338200,PF3D7_1338300,PF3D7_1341300,PF3D7_1342000,PF3D7_1358800,PF3D7_1402500,PF3D7_1408600,PF3D7_1424100,PF3D7_1424400,PF3D7_1426000,PF3D7_1431700"
REAC,"Formation of the ternary complex, and subsequently, the 43S complex",REAC:R-PFA-72695,false,0.001932523048217,2.71387531776995,51,56,12,893,"PF3D7_0306900,PF3D7_0422400,PF3D7_0519400,PF3D7_0520000,PF3D7_1105400,PF3D7_1212700,PF3D7_1302800,PF3D7_1317800,PF3D7_1342000,PF3D7_1358800,PF3D7_1402500,PF3D7_1408600"
REAC,Ribosomal scanning and start codon recognition,REAC:R-PFA-72702,false,0.002946819313643,2.5306464924139,53,56,12,893,"PF3D7_0306900,PF3D7_0422400,PF3D7_0519400,PF3D7_0520000,PF3D7_1105400,PF3D7_1212700,PF3D7_1302800,PF3D7_1317800,PF3D7_1342000,PF3D7_1358800,PF3D7_1402500,PF3D7_1408600"
REAC,Cellular responses to stimuli,REAC:R-PFA-8953897,false,0.048683211894042,1.31262077674758,42,56,9,893,"PF3D7_1008700,PF3D7_0422300,PF3D7_0818900,PF3D7_0831700,PF3D7_0917900,PF3D7_1027300,PF3D7_1105000,PF3D7_1134000,PF3D7_1402500"
REAC,Cellular responses to stress,REAC:R-PFA-2262752,false,0.048683211894042,1.31262077674758,42,56,9,893,"PF3D7_1008700,PF3D7_0422300,PF3D7_0818900,PF3D7_0831700,PF3D7_0917900,PF3D7_1027300,PF3D7_1105000,PF3D7_1134000,PF3D7_1402500"
